z_over_S,x1_over_S
5.251102040816325589e-01,6.605981101364000629e+00
1.547856530612244708e+00,6.606814405659940270e+00
2.517092244897958686e+00,6.608355382810310985e+00
3.435616938775509777e+00,6.610470586456576036e+00
4.306084081632651994e+00,6.613034518966700581e+00
5.131007959183672362e+00,6.615921446935595363e+00
5.912771428571428345e+00,6.618999672879505525e+00
6.653632653061223756e+00,6.622128158035657464e+00
7.355731632653061070e+00,6.625154619585058136e+00
8.021096530612243924e+00,6.627919167433935499e+00
8.651649183673468357e+00,6.630262740689165213e+00
9.249210816326529638e+00,6.632038263953629276e+00
9.815507959183671360e+00,6.633118098335158308e+00
1.035217612244897722e+01,6.633390415973810406e+00
1.086076530612244717e+01,6.632737867103959850e+00
1.134274510204081565e+01,6.630994690069867303e+00
1.179950734693877301e+01,6.627880948370514780e+00
1.223237163265305938e+01,6.622918244741049065e+00
1.264258836734693681e+01,6.615342909797079507e+00
1.303134224489795656e+01,6.604042520591431042e+00
1.339975632653061055e+01,6.587526658442188321e+00
1.374889469387754914e+01,6.563923596603185473e+00
1.407976612244897829e+01,6.531065816625448939e+00
1.439332612244897724e+01,6.486859124739186022e+00
1.469048040816326228e+01,6.431720227555625335e+00
1.497208755102040634e+01,6.364981039132072027e+00
1.523896102040816025e+01,6.288908981129220699e+00
1.549187122448979359e+01,6.204841254280936802e+00
1.573154918367346511e+01,6.111647165624402689e+00
1.595868714285713885e+01,6.004791464071243645e+00
1.617394102040816151e+01,5.878898759050757761e+00
1.637793285714285574e+01,5.727959044923735199e+00
1.657125163265305900e+01,5.549904458453881695e+00
1.675445591836734494e+01,5.348684751220130096e+00
1.692807489795918130e+01,5.135441059619711091e+00
1.709260999999999697e+01,4.927691601140930189e+00
1.724853653061224179e+01,4.744648767784983789e+00
1.739630489795917967e+01,4.604490483814631219e+00
1.753634183673469238e+01,4.519587444577934932e+00
1.766905224489795501e+01,4.500291581055896550e+00
1.779481897959183456e+01,4.556389985469493809e+00
1.791400551020407761e+01,4.703126012448651139e+00
1.802695632653060898e+01,4.960380803668001271e+00
1.813399734693877363e+01,5.354093072178371493e+00
1.823543795918367039e+01,5.911166638829909559e+00
1.833157122448979237e+01,6.657486993264464914e+00
1.842267469387754986e+01,7.643542340463997498e+00
1.850901163265305627e+01,9.037936892538608546e+00
