set,case,U_in,H_mm,Q_W,k_solid,T_in_C,Re,T_max_C,T_out_C,dp_Pa,fan_W,R_KW,energy_err,dTmax_iter,max_residual,n_cells
train,train_00,0.897676,2.04864,0.780488,210.518,25,231.401,60.8055,43.144,10.4338,0.000383758,45.8758,-1.27186e-05,0,3.63107e-08,12300
train,train_01,1.703,2.36631,0.466036,194.647,25,507.067,43.486,29.9433,13.1729,0.00106169,39.6665,-0.000373358,1.2e-06,1.64143e-07,14400
train,train_02,0.528935,1.76746,0.469643,224.321,25,117.633,51.3119,46.477,11.5752,0.000216426,56.0253,0.000208983,0,1.01926e-07,10800
train,train_03,2.38039,3.53277,0.55676,228.696,25,1058.14,49.0657,27.8284,7.97221,0.00134083,43.2246,-0.000719051,2.2e-06,1.36612e-07,21300
train,train_04,1.1293,3.03001,0.851199,238.567,25,430.56,70.569,35.6346,3.94322,0.000269858,53.535,-4.50887e-05,4e-07,1.03544e-07,18300
train,train_05,2.78952,1.66752,0.928982,185.936,25,585.303,47.5636,33.5262,106.295,0.00988882,24.2886,-0.00447691,6.07e-05,0.0445023,10200
train,train_06,1.37936,1.63623,0.529626,133.516,25,283.99,41.9126,35.0319,50.8434,0.00229502,31.933,-5.59491e-05,1e-06,9.5912e-08,9900
train,train_07,2.44701,1.92356,0.640001,163.095,25,592.273,43.8741,30.8107,44.8836,0.00422532,29.4907,-0.00060434,5.75e-05,4.06757e-06,11700
train,train_08,1.92149,3.35394,0.494214,170.809,25,810.911,47.706,28.2772,6.43229,0.000829066,45.9437,-0.000398797,1.3e-06,9.86278e-08,20400
train,train_09,0.619719,3.32769,0.869321,164.213,25,259.488,86.3227,43.0218,1.52098,6.27324e-05,70.5409,-7.53033e-06,0,6.90449e-08,20100
train,train_10,2.10867,3.7921,0.965923,218.389,25,1006.16,69.9912,30.1628,5.85,0.000935564,46.5785,-0.000294057,2.9e-06,9.05225e-08,22800
train,train_11,1.29832,3.62557,0.235845,200.572,25,592.295,38.0192,27.1415,3.18419,0.000299769,55.2023,-0.000243198,3e-07,1.13544e-07,21900
train,train_12,2.56842,3.72385,0.320873,130.511,25,1203.48,38.7941,26.4319,8.12198,0.00155364,42.9893,-0.0016022,1.6e-06,1.3778e-07,22500
train,train_13,0.768816,3.94401,0.590797,188.824,25,381.541,66.3751,33.3297,1.35409,8.2118e-05,70.0327,-1.99318e-05,0,6.63529e-08,23700
train,train_14,1.2019,2.5551,0.993025,155.628,25,386.418,72.22,38.8239,6.76513,0.000415511,47.5517,-5.76738e-05,1e-07,1.45663e-07,15600
train,train_15,1.02249,3.47322,0.674416,122.723,25,446.862,65.1505,33.1185,2.53747,0.000180229,59.5338,-3.05224e-05,6e-07,1.40969e-07,21000
train,train_16,2.07634,1.88076,0.2251,157.197,25,491.373,31.9126,27.4631,40.2041,0.00314002,30.7088,-0.000837516,1.07e-05,2.05638e-06,11400
train,train_17,2.90331,3.12096,0.427467,146.334,25,1140.15,41.2603,27.0135,13.7433,0.00249059,38.0386,-0.00171597,7e-07,5.61705e-07,18900
train,train_18,0.689063,2.75346,0.335863,143.247,25,238.736,45.6328,32.5679,2.83525,0.000107587,61.4322,-2.06044e-05,0,6.27939e-08,16800
train,train_19,2.74893,2.23877,0.300446,233.362,25,774.378,34.5723,27.0839,29.8195,0.00367031,31.8602,-0.00208329,4.21e-05,7.26113e-06,13500
train,train_20,1.51548,2.97381,0.267004,172.502,25,567.08,37.6756,27.5322,6.02612,0.000543165,47.4737,-0.000399115,3e-07,7.06855e-08,18000
train,train_21,2.95672,2.64167,0.720227,181.594,25,982.807,49.9144,28.938,20.6592,0.00322724,34.5924,-0.00119378,3.61e-05,2.80372e-06,15900
train,train_22,1.6432,3.8806,0.743818,151.869,25,802.36,63.5442,29.986,3.9014,0.000497553,51.8194,-0.000169059,1.9e-06,9.84475e-08,23400
train,train_23,1.44764,2.68436,0.611545,223.949,25,488.968,52.8927,31.7274,7.38736,0.000574142,45.6101,-0.000125836,3e-07,8.51194e-08,16200
train,train_24,2.20449,2.84246,0.399596,213.603,25,788.468,41.0639,27.7245,11.2316,0.00140759,40.2003,-0.000736338,3e-07,3.138e-07,17100
train,train_25,0.944284,2.32264,0.370253,179.626,25,275.972,43.1413,32.217,6.91934,0.000303514,48.997,-4.07504e-05,0,3.8249e-08,14100
train,train_26,1.80376,1.50441,0.682176,207.291,25,341.448,42.6495,35.7467,119.676,0.00649506,25.8723,-0.000100562,2.1e-06,2.22825e-07,9300
train,train_27,2.59127,3.22279,0.813285,199.244,25,1050.81,57.7302,29.1609,10.8258,0.00180815,40.2444,-0.000636152,3.2e-06,2.87579e-07,19500
train,train_28,2.2695,2.14181,0.834789,137.621,25,611.632,52.7295,32.34,26.716,0.00259724,33.2173,-0.000425909,6.23e-05,3.28291e-06,12900
train,train_29,1.85021,2.45377,0.912534,125.297,25,571.262,61.0329,33.592,13.1038,0.00118982,39.4866,-0.000183485,3.2e-06,2.79499e-07,15000
test,test_00,2.73954,2.79283,0.932727,168.93,25,962.725,59.2658,30.2085,16.0835,0.00246111,36.7372,-0.00069766,1.02e-05,1.12997e-06,16800
test,test_01,2.16854,3.63602,0.651661,220.221,25,992.143,54.5394,28.5317,6.57794,0.00103732,45.3294,-0.000463126,2e-06,1.22111e-07,21900
test,test_02,1.00122,1.58639,0.763242,194.431,25,199.857,52.9704,45.5435,42.971,0.00136504,36.6469,-8.04608e-06,0,1.48533e-07,9600
test,test_03,0.791597,3.39788,0.426262,155.496,25,338.449,52.676,31.775,1.93629,0.000104163,64.9272,-9.58131e-06,0,9.02415e-08,20400
test,test_04,1.6438,2.55503,0.250376,219.121,25,528.477,35.5705,27.5478,9.98047,0.000838353,42.2186,-0.000440748,0,9.55615e-08,15600
test,test_05,2.07695,2.26658,0.599298,123.575,25,592.349,46.4751,30.441,19.5669,0.00184225,35.8338,-0.000401342,1.74e-05,1.37788e-06,13800
